{"ACC": [62.62987012987013, 64.41558441558442, 63.47402597402597, 65.97402597402598, 64.28571428571429], "NMI": [81.40931419505935, 82.08424465086445, 82.16061658088158, 81.78537225666476, 82.04241019046671], "ARI": [52.92721291317293, 54.611860717288465, 54.404617975765355, 55.17577682605499, 54.01609523473353], "ACC_mean": 64.15584415584416, "ACC_std": 1.1120781571575462, "NMI_mean": 81.89639157478737, "NMI_std": 0.27422426260312527, "ARI_mean": 54.227112733403054, "ARI_std": 0.7501693955682497}